Component	Mixture	EstFreq
EL4X_35	Tm1310	0.3144
GQ4X_83	Tm1310	0.2385
EL4X_199	Tm1310	0.2315
EL4X_482	Tm1310	0.2351
EL4X_35	Tm1311	0.3167
GQ4X_83	Tm1311	0.2441
EL4X_199	Tm1311	0.2386
EL4X_482	Tm1311	0.2216
EL4X_35	Tm1312	0.2978
GQ4X_83	Tm1312	0.2609
EL4X_199	Tm1312	0.2254
EL4X_482	Tm1312	0.2429
EL4X_35	Tm1313	0.0645
GQ4X_83	Tm1313	0.3125
EL4X_199	Tm1313	0.3086
EL4X_482	Tm1313	0.3472
EL4X_35	Tm1314	0.0669
GQ4X_83	Tm1314	0.3236
EL4X_199	Tm1314	0.3066
EL4X_482	Tm1314	0.3323
EL4X_35	Tm1315	0.0602
GQ4X_83	Tm1315	0.3256
EL4X_199	Tm1315	0.3082
EL4X_482	Tm1315	0.3296
EL4X_35	Tm1316	0.367
GQ4X_83	Tm1316	0.0803
EL4X_199	Tm1316	0.2784
EL4X_482	Tm1316	0.3055
EL4X_35	Tm1317	0.3699
GQ4X_83	Tm1317	0.059
EL4X_199	Tm1317	0.281
EL4X_482	Tm1317	0.3105
EL4X_35	Tm1318	0.3699
GQ4X_83	Tm1318	0.0676
EL4X_199	Tm1318	0.2931
EL4X_482	Tm1318	0.3035
EL4X_35	Tm1319	0.3707
GQ4X_83	Tm1319	0.2993
EL4X_199	Tm1319	0.0489
EL4X_482	Tm1319	0.3079
EL4X_35	Tm1320	0.3596
GQ4X_83	Tm1320	0.3053
EL4X_199	Tm1320	0.0458
EL4X_482	Tm1320	0.3163
EL4X_35	Tm1321	0.3521
GQ4X_83	Tm1321	0.3159
EL4X_199	Tm1321	0.0411
EL4X_482	Tm1321	0.3277
EL4X_35	Tm1322	0.3579
GQ4X_83	Tm1322	0.2799
EL4X_199	Tm1322	0.2938
EL4X_482	Tm1322	0.0876
EL4X_35	Tm1323	0.3443
GQ4X_83	Tm1323	0.2933
EL4X_199	Tm1323	0.2845
EL4X_482	Tm1323	0.0979
EL4X_35	Tm1324	0.3585
GQ4X_83	Tm1324	0.2821
EL4X_199	Tm1324	0.2939
EL4X_482	Tm1324	0.0811
EL4X_35	Tm1325	0.8766
GQ4X_83	Tm1325	0.068
EL4X_199	Tm1325	0.0578
EL4X_482	Tm1325	0.0579
EL4X_35	Tm1326	0.8796
GQ4X_83	Tm1326	0.0595
EL4X_199	Tm1326	0.0733
EL4X_482	Tm1326	0.0482
EL4X_35	Tm1327	0.8833
GQ4X_83	Tm1327	0.0611
EL4X_199	Tm1327	0.0614
EL4X_482	Tm1327	0.0574
EL4X_35	Tm1328	0.0896
GQ4X_83	Tm1328	0.7645
EL4X_199	Tm1328	0.0765
EL4X_482	Tm1328	0.0942
EL4X_35	Tm1329	0.092
GQ4X_83	Tm1329	0.7816
EL4X_199	Tm1329	0.08
EL4X_482	Tm1329	0.0915
EL4X_35	Tm1330	0.0659
GQ4X_83	Tm1330	0.7935
EL4X_199	Tm1330	0.0682
EL4X_482	Tm1330	0.1017
EL4X_35	Tm1331	0.0834
GQ4X_83	Tm1331	0.0674
EL4X_199	Tm1331	0.8036
EL4X_482	Tm1331	0.0809
EL4X_35	Tm1332	0.0837
GQ4X_83	Tm1332	0.0669
EL4X_199	Tm1332	0.8126
EL4X_482	Tm1332	0.0766
EL4X_35	Tm1333	0.083
GQ4X_83	Tm1333	0.0631
EL4X_199	Tm1333	0.8088
EL4X_482	Tm1333	0.0814
EL4X_35	Tm1334	0.0898
GQ4X_83	Tm1334	0.075
EL4X_199	Tm1334	0.0808
EL4X_482	Tm1334	0.8013
EL4X_35	Tm1335	0.1019
GQ4X_83	Tm1335	0.0751
EL4X_199	Tm1335	0.0689
EL4X_482	Tm1335	0.8038
EL4X_35	Tm1336	0.0894
GQ4X_83	Tm1336	0.0647
EL4X_199	Tm1336	0.079
EL4X_482	Tm1336	0.814
